{
  "resourcefulbees:bottle/v1": {
    "color": "rainbow",
    "food": {
      "hunger": 3,
      "saturation": 0.25,
      "effects": [
        {
          "effect": "minecraft:glowing",
          "duration": 2400,
          "strength": 0,
          "chance": 1
        }
      ]
    },
    "honeyBottle": "resourcefulbees:rainbow_honey_bottle",
    "tradeData": {
      "secondaryItem": "minecraft:bottle"
    }
  },
  "resourcefulbees:block/v1": {
    "color": "rainbow",
    "honeyBlockItem": "resourcefulbees:rainbow_honey_block",
    "honeyBlock": "resourcefulbees:rainbow_honey_block",
    "tradeData": {}
  },
  "resourcefulbees:fluid/v1": {
    "rendering" : {
      "color": "rainbow"
    },
    "stillFluid": "resourcefulbees:rainbow_honey",
    "flowingFluid": "resourcefulbees:rainbow_honey_flowing",
    "fluidBucket": "resourcefulbees:rainbow_honey_bucket",
    "fluidBlock": "resourcefulbees:rainbow_honey",
    "tradeData": {
      "secondaryItem": "minecraft:bucket"
    }
  }
}
