{
  "initialList": [
    {
      "slot": 40,
      "slotName": "offhand",
      "itemLocation": "",
      "tag": "",
      "count": 1
    },
    {
      "slot": 39,
      "slotName": "head",
      "itemLocation": "",
      "tag": "",
      "count": 1
    },
    {
      "slot": 38,
      "slotName": "chest",
      "itemLocation": "",
      "tag": "",
      "count": 1
    },
    {
      "slot": 37,
      "slotName": "legs",
      "itemLocation": "",
      "tag": "",
      "count": 1
    },
    {
      "slot": 36,
      "slotName": "feet",
      "itemLocation": "",
      "tag": "",
      "count": 1
    },
    {
      "slot": 0,
      "itemLocation": "",
      "tag": "",
      "count": 1
    },
    {
      "slot": 1,
      "itemLocation": "",
      "tag": "",
      "count": 1
    },
    {
      "slot": 2,
      "itemLocation": "",
      "tag": "",
      "count": 1
    },
    {
      "slot": 3,
      "itemLocation": "",
      "tag": "",
      "count": 1
    },
    {
      "slot": 4,
      "itemLocation": "",
      "tag": "",
      "count": 1
    },
    {
      "slot": 5,
      "itemLocation": "",
      "tag": "",
      "count": 1
    },
    {
      "slot": 6,
      "itemLocation": "",
      "tag": "",
      "count": 1
    },
    {
      "slot": 7,
      "itemLocation": "",
      "tag": "",
      "count": 1
    },
    {
      "slot": 8,
      "itemLocation": "",
      "tag": "",
      "count": 1
    },
    {
      "slot": 9,
      "itemLocation": "",
      "tag": "",
      "count": 1
    },
    {
      "slot": 10,
      "itemLocation": "",
      "tag": "",
      "count": 1
    },
    {
      "slot": 11,
      "itemLocation": "",
      "tag": "",
      "count": 1
    },
    {
      "slot": 12,
      "itemLocation": "",
      "tag": "",
      "count": 1
    },
    {
      "slot": 13,
      "itemLocation": "",
      "tag": "",
      "count": 1
    },
    {
      "slot": 14,
      "itemLocation": "",
      "tag": "",
      "count": 1
    },
    {
      "slot": 15,
      "itemLocation": "",
      "tag": "",
      "count": 1
    },
    {
      "slot": 16,
      "itemLocation": "",
      "tag": "",
      "count": 1
    },
    {
      "slot": 17,
      "itemLocation": "",
      "tag": "",
      "count": 1
    },
    {
      "slot": 18,
      "itemLocation": "",
      "tag": "",
      "count": 1
    },
    {
      "slot": 19,
      "itemLocation": "",
      "tag": "",
      "count": 1
    },
    {
      "slot": 20,
      "itemLocation": "",
      "tag": "",
      "count": 1
    },
    {
      "slot": 21,
      "itemLocation": "",
      "tag": "",
      "count": 1
    },
    {
      "slot": 22,
      "itemLocation": "",
      "tag": "",
      "count": 1
    },
    {
      "slot": 23,
      "itemLocation": "",
      "tag": "",
      "count": 1
    },
    {
      "slot": 24,
      "itemLocation": "",
      "tag": "",
      "count": 1
    },
    {
      "slot": 25,
      "itemLocation": "",
      "tag": "",
      "count": 1
    },
    {
      "slot": 26,
      "itemLocation": "",
      "tag": "",
      "count": 1
    },
    {
      "slot": 27,
      "itemLocation": "",
      "tag": "",
      "count": 1
    },
    {
      "slot": 28,
      "itemLocation": "",
      "tag": "",
      "count": 1
    },
    {
      "slot": 29,
      "itemLocation": "",
      "tag": "",
      "count": 1
    },
    {
      "slot": 30,
      "itemLocation": "",
      "tag": "",
      "count": 1
    },
    {
      "slot": 31,
      "itemLocation": "",
      "tag": "",
      "count": 1
    },
    {
      "slot": 32,
      "itemLocation": "",
      "tag": "",
      "count": 1
    },
    {
      "slot": 33,
      "itemLocation": "",
      "tag": "",
      "count": 1
    },
    {
      "slot": 34,
      "itemLocation": "",
      "tag": "",
      "count": 1
    },
    {
      "slot": 35,
      "itemLocation": "",
      "tag": "",
      "count": 1
    }
  ]
}