{
  "__comment": "Instructions: https://blakesmods.com/docs/cucumber/tags-config",
  "forge:ingots/tungsten": "null",
  "forge:silicon": "ftbic:silicon",
  "forge:dusts/saltpeter": "null",
  "forge:ingots/platinum": "null",
  "forge:ingots/graphite": "null",
  "forge:ingots/aluminum": "ftbic:aluminum_ingot",
  "forge:ingots/mithril": "null",
  "forge:ingots/iridium": "ftbic:iridium_ingot",
  "forge:ingots/zinc": "null",
  "forge:dusts/niter": "thermal:niter_dust",
  "forge:ingots/chrome": "null",
  "forge:ingots/brass": "null",
  "forge:ingots/titanium": "null",
  "forge:rubber": "null"
}