{
    "resourcefulbees:core/v1": {
        "flower": "#minecraft:mushroom_grow_block",
        "creator": "Team Resourceful",
        "maxTimeInHive": 1200
    },
    "resourcefulbees:rendering/v1": {
        "texture": "mushroom/bee_brown",
        "model": "resourcefulbees:geo/flower_moss.geo.json",
        "layers" : [
            { "isPollen": true, "color": "#FFDCC4", "texture": "custom_nectar" }
        ],
        "ColorData": {
            "spawnEggPrimaryColor": "#916D55",
            "spawnEggSecondaryColor": "#CC9978",
            "jarColor": "#CC9978"
        }
    },
    "resourcefulbees:mutation/v1": {
        "mutationCount": 15,
        "mutation": "resourcefulbees:mutations/brown_mushroom"
    },
    "resourcefulbees:breeding/v1": {
        "isBreedable": true,
        "feedItem": ["minecraft:brown_mushroom"],
        "feedAmount": 4
    },
    "resourcefulbees:trade/v1": {
        "amount": {
            "min": 1,
            "max": 1
        },
        "secondaryItem": "minecraft:brown_mushroom_block",
        "secondaryItemCost": {
            "min": 4,
            "max": 8
        },
        "priceMultiplier": 4,
        "maxTrades": 2
    }
}