{
    "resourcefulbees:core/v1": {
        "flower": "#forge:storage_blocks/gold",
        "honeycombVariation": "gold",
        "maxTimeInHive": 800
    },
    "resourcefulbees:rendering/v1": {
        "texture": "ores/gold/gold_bee",
        "model": "resourcefulbees:geo/ore.geo.json",
        "layers" : [
            { "isPollen": true, "color": "#FCEE4B", "texture": "custom_nectar" }
        ],
        "ColorData": {
            "spawnEggPrimaryColor": "#8F8F8F",
            "spawnEggSecondaryColor": "#FFDC00",
            "jarColor": "#FFDC00"
        }
    },
    "resourcefulbees:mutation/v1": {
        "mutation": "resourcefulbees:mutations/gold"
    },
    "resourcefulbees:breeding/v1": {
        "isBreedable": true,
        "parents": [
            {
                "parent1": "gold",
                "parent2": "gold"
            }
        ]
    },
    "resourcefulbees:trade/v1": {
        "amount": {
            "min": 1,
            "max": 1
        },
        "secondaryItem": "minecraft:gold_block",
        "secondaryItemCost": {
            "min": 4,
            "max": 8
        },
        "priceMultiplier": 4,
        "maxTrades": 2
    }
}