{
    "resourcefulbees:core/v1": {
        "flower": "#forge:storage_blocks/iron",
        "honeycombVariation": "iron",
        "maxTimeInHive": 600
    },
    "resourcefulbees:rendering/v1": {
        "texture": "ores/iron/iron_bee",
        "model": "resourcefulbees:geo/ore.geo.json",
        "layers" : [
            { "isPollen": true, "color": "#E2C0AA", "texture": "custom_nectar" }
        ],
        "ColorData": {
            "spawnEggPrimaryColor": "#8F8F8F",
            "spawnEggSecondaryColor": "#ffcc99",
            "jarColor": "#ffcc99"
        }
    },
    "resourcefulbees:mutation/v1": {
        "mutation": "resourcefulbees:mutations/iron"
    },
    "resourcefulbees:breeding/v1": {
        "isBreedable": true,
        "parents": [
            {
                "parent1": "iron",
                "parent2": "iron"
            }
        ]
    },
    "resourcefulbees:trade/v1": {
        "amount": {
            "min": 1,
            "max": 1
        },
        "secondaryItem": "minecraft:iron_block",
        "secondaryItemCost": {
            "min": 4,
            "max": 8
        },
        "priceMultiplier": 4,
        "maxTrades": 2
    }
}