{
    "resourcefulbees:core/v1": {
        "flower": "#forge:storage_blocks/lapis",
        "honeycombVariation": "lapis",
        "maxTimeInHive": 600
    },
    "resourcefulbees:rendering/v1": {
        "texture": "ores/lapis/lapis_bee",
        "model": "resourcefulbees:geo/crystal.geo.json",
        "layers" : [
            { "isPollen": true, "color": "#2861D3", "texture": "custom_nectar" }
        ],
        "ColorData": {
            "spawnEggPrimaryColor": "#8F8F8F",
            "spawnEggSecondaryColor": "#345ec3",
            "jarColor": "#345ec3"
        }
    },
    "resourcefulbees:mutation/v1": {
        "mutation" : "resourcefulbees:mutations/lapis"
    },
    "resourcefulbees:breeding/v1": {
        "isBreedable": true,
        "parents": [
            {
                "parent1": "lapis",
                "parent2": "lapis"
            }
        ]
    },
    "resourcefulbees:trade/v1": {
        "amount": {
            "min": 1,
            "max": 1
        },
        "secondaryItem": "minecraft:lapis_block",
        "secondaryItemCost": {
            "min": 8,
            "max": 12
        },
        "priceMultiplier": 4,
        "maxTrades": 2
    }
}