{
    "resourcefulbees:core/v1": {
        "flower": "#forge:storage_blocks/quartz",
        "honeycombVariation": "nether_quartz",
        "maxTimeInHive": 1000
    },
    "resourcefulbees:rendering/v1": {
        "texture": "ores/quartz/quartz_bee",
        "model": "resourcefulbees:geo/crystal.geo.json",
        "layers" : [
            { "isPollen": true, "color": "#EAE5DE", "texture": "custom_nectar" }
        ],
        "ColorData": {
            "spawnEggPrimaryColor": "#A52E2E",
            "spawnEggSecondaryColor": "#D4CABA",
            "jarColor": "#D4CABA"
        }
    },
    "resourcefulbees:mutation/v1": {
        "mutation" : "resourcefulbees:mutations/quartz"
    },
    "resourcefulbees:breeding/v1": {
        "isBreedable": true,
        "parents": [
            {
                "parent1": "nether_quartz",
                "parent2": "coal"
            }
        ]
    },
    "resourcefulbees:trait/v1": {
        "traits": ["nether"]
    },
    "resourcefulbees:trade/v1": {
        "amount": {
            "min": 1,
            "max": 1
        },
        "secondaryItem": "minecraft:quartz_block",
        "secondaryItemCost": {
            "min": 12,
            "max": 16
        },
        "priceMultiplier": 4,
        "maxTrades": 2
    }
}