{
  "resourcefulbees:core/v1": {
    "flower": "#minecraft:mushroom_grow_block",
    "creator": "Team Resourceful",
    "maxTimeInHive": 1200
  },
  "resourcefulbees:rendering/v1": {
    "texture": "mushroom/bee_red",
    "model": "resourcefulbees:geo/flower_moss.geo.json",
    "layers" : [
      { "isPollen": true, "color": "#FFDCC4", "texture": "custom_nectar" }
    ],
    "ColorData": {
      "spawnEggPrimaryColor": "#FE2A2A",
      "spawnEggSecondaryColor": "#EDE8CA",
      "jarColor": "#FE2A2A"
    }
  },
  "resourcefulbees:mutation/v1": {
    "mutationCount": 15,
    "mutation": "resourcefulbees:mutations/red_mushroom"
  },
  "resourcefulbees:breeding/v1": {
    "isBreedable": true,
    "feedItem": ["minecraft:red_mushroom"],
    "feedAmount": 4
  },
  "resourcefulbees:trade/v1": {
    "amount": {
      "min": 1,
      "max": 1
    },
    "secondaryItem": "minecraft:red_mushroom_block",
    "secondaryItemCost": {
      "min": 4,
      "max": 8
    },
    "priceMultiplier": 4,
    "maxTrades": 2
  }
}