{
    "resourcefulbees:core/v1": {
        "flower": "#forge:storage_blocks/redstone",
        "honeycombVariation": "redstone",
        "maxTimeInHive": 800
    },
    "resourcefulbees:rendering/v1": {
        "texture": "ores/redstone/redstone_bee",
        "model": "resourcefulbees:geo/crystal.geo.json",
        "layers": [
            {
                "layerEffect": "GLOW",
                "texture": "ores/redstone/redstone_bee_emissive"
            },
            { "isPollen": true, "color": "#FF0000", "texture": "custom_nectar" }
        ],
        "ColorData": {
            "spawnEggPrimaryColor": "#8F8F8F",
            "spawnEggSecondaryColor": "#aa0f01",
            "jarColor": "#aa0f01"
        }
    },
    "resourcefulbees:mutation/v1": {
        "mutation" : "resourcefulbees:mutations/redstone"
    },
    "resourcefulbees:breeding/v1": {
        "isBreedable": true,
        "parents": [
            {
                "parent1": "redstone",
                "parent2": "redstone"
            }
        ]
    },
    "resourcefulbees:trade/v1": {
        "amount": {
            "min": 1,
            "max": 1
        },
        "secondaryItem": "minecraft:tnt",
        "secondaryItemCost": {
            "min": 4,
            "max": 8
        },
        "priceMultiplier": 4,
        "maxTrades": 2
    }
}