{
  "resourcefulbees:core/v1": {
    "flower": "#minecraft:flowers",
    "honeycombVariation": "rgbee",
    "maxTimeInHive": 600
  },
  "resourcefulbees:rendering/v1": {
    "texture": "custom/bee",
    "model": "resourcefulbees:geo/crystal.geo.json",
    "layers": [
      { "isPollen": true, "color": "rainbow", "texture": "ores/custom/custom_bee_secondary" },
      { "isPollen" : true, "layerEffect": "GLOW", "color": "rainbow", "texture": "ores/custom/custom_bee_emissive" },
      { "layerEffect": "GLOW", "color": "rainbow", "texture": "custom/emissive_layer" }
    ],
    "ColorData": {
      "spawnEggPrimaryColor": "rainbow",
      "spawnEggSecondaryColor": "#303030",
      "jarColor": "rainbow"
    }
  },
  "resourcefulbees:breeding/v1": {
    "isBreedable": true,
    "parents": [
      {
        "parent1": "rgbee",
        "parent2": "rgbee"
      }
    ]
  },
  "resourcefulbees:trade/v1": {
    "amount": {
      "min": 1,
      "max": 1
    },
    "secondaryItem": "minecraft:clay",
    "secondaryItemCost": {
      "min": 8,
      "max": 12
    },
    "priceMultiplier": 4,
    "maxTrades": 2
  }
}