{
    "resourcefulbees:core/v1": {
        "flower": ["minecraft:bone_block"],
        "honeycombVariation": "skeleton",
        "maxTimeInHive": 600
    },
    "resourcefulbees:rendering/v1": {
        "texture": "skeleton/skeleton_bee",
        "ColorData": {
            "spawnEggPrimaryColor": "#F6F2E6",
            "spawnEggSecondaryColor": "#303030",
            "jarColor": "#F6F2E6"
        }
    },
    "resourcefulbees:mutation/v1": {
        "mutation" : "resourcefulbees:mutations/skeleton"
    },
    "resourcefulbees:breeding/v1": {
        "parents": [
            {
                "parent1": "skeleton",
                "parent2": "skeleton"
            }
        ],
        "isBreedable": true,
        "feedItem": "minecraft:flowers",
        "feedAmount": 8
    },
    "resourcefulbees:trade/v1": {
        "amount": {
            "min": 1,
            "max": 1
        },
        "secondaryItem": "minecraft:bone_block",
        "secondaryItemCost": {
            "min": 12,
            "max": 16
        },
        "priceMultiplier": 4,
        "maxTrades": 2
    }
}