{
    "resourcefulbees:core/v1": {
        "flower": "#forge:mushrooms",
        "honeycombVariation": "slimy",
        "maxTimeInHive": 1200
    },
    "resourcefulbees:rendering/v1": {
        "model": "resourcefulbees:geo/slime.geo.json",
        "texture": "slime/slime_bee",
        "ColorData": {
            "spawnEggPrimaryColor": "#62B64A",
            "spawnEggSecondaryColor": "#303030",
            "jarColor": "#62B64A"
        }
    },
    "resourcefulbees:mutation/v1": {
        "mutation" : "resourcefulbees:mutations/slimy"
    },
    "resourcefulbees:breeding/v1": {
        "isBreedable": true,
        "parents": [
            {
                "parent1": "rgbee",
                "parent2": "zombee"
            }
        ]
    },
    "resourcefulbees:trait/v1": {
        "traits": ["slimy"]
    },
    "resourcefulbees:trade/v1": {
        "amount": {
            "min": 1,
            "max": 1
        },
        "secondaryItem": "minecraft:slime_block",
        "secondaryItemCost": {
            "min": 12,
            "max": 16
        },
        "priceMultiplier": 4,
        "maxTrades": 2
    }
}